code,system
N04y.00,readv2
N065z00,readv2
N04yz00,readv2
N06z900,readv2
N04z.00,readv2
N04..11,readv2
N064900,readv2
N065.11,readv2
N065900,readv2
Nyu1.00,readv2
N065.00,readv2
N090900,readv2
N094900,readv2
N095900,readv2
N060.11,readv2
N093.11,readv2
N065z11,readv2
715 B,readv2
N093500,readv2
N093100,readv2
N045100,readv2
N04y111,readv2
N04y100,readv2
7150SN,readv2
N093200,readv2
N093600,readv2
N093700,readv2
N093300,readv2
N093400,readv2
N093.00,readv2
N093z00,readv2
7122A,readv2
Nyu1500,readv2
N045.00,readv2
N062900,readv2
N093900,readv2
N093800,readv2
N093000,readv2
7873DM,readv2